Tournament,Year,ID,Player 1,Player 2,Player 3,Player 4,Player 5,Player 6,Player 7,Player 8,Player 9,Player 10,Player 11,Player 12,Player 13,Player 14,Player 15,Player 16,Player 17,Player 18,Player 19,Player 20,Player 21,Player 22,Player 23,Player 24,Player 25,Player 26,Player 27,Player 28,Player 29,Player 30,Player 31,Player 32,Player 33,Player 34,Player 35,Player 36,Player 37,Player 38,Player 39,Player 40,Player 41,Player 42,Player 43,Player 44,Player 45,Player 46,Player 47,Player 48,Player 49,Player 50,Player 51,Player 52,Player 53,Player 54,Player 55,Player 56,Player 57,Player 58,Player 59,Player 60,Player 61,Player 62,Player 63,Player 64,Player 65,Player 66,Player 67,Player 68,Player 69,Player 70,Player 71,Player 72,Player 73,Player 74,Player 75,Player 76,Player 77,Player 78,Player 79,Player 80,Player 81,Player 82,Player 83,Player 84,Player 85,Player 86,Player 87,Player 88,Player 89,Player 90,Player 91,Player 92,Player 93,Player 94,Player 95,Player 96,Player 97,Player 98,Player 99,Player 100,Player 101,Player 102,Player 103,Player 104,Player 105,Player 106,Player 107,Player 108,Player 109,Player 110,Player 111,Player 112,Player 113,Player 114,Player 115,Player 116,Player 117,Player 118,Player 119,Player 120,Player 121,Player 122,Player 123,Player 124,Player 125,Player 126,Player 127,Player 128,Player 129,Player 130,Player 131,Player 132,Player 133,Player 134,Player 135,Player 136,Player 137,Player 138,Player 139,Player 140,Player 141,Player 142,Player 143,Player 144,Player 145,Player 146,Player 147,Player 148,Player 149,Player 150,Player 151,Player 152,Player 153,Player 154,Player 155,Player 156,Player 157
British Open,2001,30,115,526,463,123,82,224,261,296,336,213,158,417,392,374,512,541,167,10,313,575,278,358,560,67,125,327,375,462,548,359,441,308,78,569,,524,272,186,188,422,485,412,528,191,265,325,277,164,5,128,105,455,388,377,445,486,522,142,66,329,11,75,151,505,516,551,,394,535,281,269,177,114,136,36,538,540,549,556,547,503,506,513,544,532,518,521,56,127,289,344,584,578,586,268,204,16,537,545,562,456,429,381,550,97,84,159,148,283,342,331,343,295,121,91,20,559,539,536,364,487,515,459,453,525,529,,332,240,243,212,232,328,37,570,568,580,573,576,153,514,439,449,420,564,546,498,566,65,,553,352,582,510,4032,305,348
British Open,2002,94,123,121,11,551,866,186,289,204,158,167,37,556,532,358,269,277,278,298,323,125,445,372,569,115,325,344,219,261,243,336,151,575,865,374,526,462,463,485,441,549,82,260,215,232,856,427,283,305,888,877,346,240,213,436,864,4382,619,548,,412,528,265,127,78,114,105,308,890,292,71,7,521,453,422,395,281,847,669,881,223,66,313,429,375,388,455,503,870,867,329,257,67,128,886,892,81,77,268,337,351,296,710,578,544,512,486,535,537,392,541,601,787,5,153,177,,891,869,84,224,241,546,559,560,861,359,418,880,874,875,882,459,868,272,89,72,97,188,873,862,490,540,417,876,370,851,852,65,10,871,449,878,879,854,222,514,855
British Open,2003,142,523,392,37,278,462,540,1049,349,127,158,167,359,866,1120,151,11,68,123,177,323,449,551,1114,271,186,77,65,358,,1087,559,453,486,445,880,1094,298,240,78,84,125,1123,64,5,29,91,128,165,268,506,619,1129,541,487,1092,215,377,67,82,337,308,245,277,1086,549,208,292,325,1100,709,395,463,97,66,329,269,223,455,375,847,1127,1122,1088,865,441,418,489,547,526,261,281,344,153,181,114,372,393,429,1090,801,890,1112,1093,1121,,488,532,556,255,105,152,188,265,381,346,601,1097,1085,1124,1706,1083,1102,560,537,388,241,289,136,72,1096,1099,876,1130,1125,1118,1095,693,569,394,,852,1089,115,1117,518,1126,1115,1098,422,1113,15,313,243,121,568,336,
British Open,2004,174,1090,123,308,455,278,551,441,167,453,462,245,66,82,78,548,1255,77,269,349,392,72,67,125,866,619,313,335,1096,,712,358,325,429,289,150,11,280,957,1286,1179,1186,1085,559,388,208,215,224,177,307,243,1086,1300,1308,1088,541,136,486,856,878,876,1280,128,105,1087,586,,377,1130,,436,29,1282,281,165,68,81,153,181,1279,1118,1285,601,540,,870,549,556,1292,,1301,,1294,1212,1256,186,100,5,277,372,337,1307,1310,1306,359,97,198,212,158,1216,824,1058,1049,686,523,1296,7,16,28,304,323,241,1287,528,847,1289,1706,525,868,1288,1120,268,346,375,301,1284,1291,176,127,37,1315,272,513,1283,537,265,1293,1309,1311,1117,1281,1295,1297,1314,1312,1299,1305,
British Open,2005,223,462,313,91,329,328,261,392,67,158,167,301,127,619,349,148,489,197,215,97,1359,82,4714,1536,268,1284,1216,441,59,81,128,1529,528,281,327,123,551,1414,576,525,388,486,1471,449,694,77,1539,198,11,436,532,1058,269,265,601,5,224,222,540,712,1533,66,503,308,323,1527,277,445,1494,372,105,707,394,490,997,1195,,136,1500,335,1530,512,1114,1176,114,873,455,1519,208,325,37,1361,1522,243,320,1086,870,686,1517,1350,64,152,358,153,463,523,1255,1008,1090,559,307,1049,1097,1088,1178,289,1085,1520,78,65,278,1518,1515,72,439,518,7,1525,68,453,590,377,1521,,1514,351,1474,337,1532,1535,1524,1457,29,1291,422,1412,1445,1516,539,115,347,1538,1523,1526,1528,1534,429,
British Open,2006,295,462,105,123,153,1099,158,65,856,388,1712,1129,693,,1359,167,1494,570,213,328,5,277,197,308,1097,560,1280,377,1498,957,243,455,1588,1471,441,67,710,601,335,544,1457,37,225,224,7,547,393,66,1455,449,576,525,1706,503,1523,,115,329,453,150,81,1281,301,1123,325,68,1185,152,1090,1527,59,72,29,1284,283,1698,165,486,506,865,526,359,347,562,997,676,121,97,489,268,1583,281,196,528,16,689,712,394,77,523,91,392,686,1519,11,1436,1019,1694,278,1293,209,1701,10,349,307,1708,1688,240,127,1707,261,313,326,78,1692,1499,198,186,1699,1067,1702,1288,548,537,265,363,1451,,82,20,619,1697,1705,1695,1687,1693,1578,4664,1696,1703,1700,,1476,1689,1690,1686,1085,
British Open,2007,320,186,158,1712,528,123,957,78,523,453,77,412,506,462,569,3461,224,153,1280,486,707,686,29,66,508,167,105,619,388,335,72,676,196,392,65,526,205,307,713,455,1042,1087,1019,809,3470,710,326,3458,856,2594,243,860,268,1049,1443,37,537,67,441,847,325,215,422,1686,601,541,281,1359,1086,4382,1414,3476,576,347,1692,114,1114,269,265,313,700,429,308,363,874,1491,709,82,3475,219,3477,3462,689,148,208,68,3472,374,660,3460,11,328,1099,489,873,1097,865,97,377,301,1483,1294,3464,257,1499,278,629,1423,1257,875,1782,16,503,7,544,5,3463,1350,1506,127,3466,5824,3459,1129,1090,3473,1699,3467,197,3474,3478,1571,787,1417,445,1349,1185,3465,1525,3469,1689,1500,1284,1463,1462,539,3471,
British Open,2008,411,186,619,576,323,153,3839,537,544,123,72,7,412,5,1745,523,388,269,77,439,3477,3474,308,301,540,215,847,278,305,3832,1706,3835,528,489,1712,630,268,1090,167,1436,115,1446,1443,457,59,14,453,1264,1471,1500,3462,1129,67,11,1057,686,148,158,1456,804,860,441,313,1414,1724,,532,455,3825,3823,1256,569,3838,709,337,1417,1564,3829,676,1019,3670,1437,1359,3466,265,78,1749,878,3687,298,512,873,1295,3817,707,3831,449,16,1499,3461,1686,3821,1263,325,208,214,1222,547,66,328,1506,392,1099,21,394,2603,526,3824,1692,525,257,957,173,,81,713,3820,65,377,224,335,1525,3833,364,3471,3818,1120,3836,1067,3822,3827,3834,3830,351,3819,1539,3837,3520,868,243,3828,1517,1114,97,,281,29,
British Open,2009,549,78,449,3839,455,601,167,165,532,269,123,1436,903,1564,1712,224,1264,569,576,1483,713,222,3462,4574,1414,1506,65,278,547,66,1042,,878,97,1499,3670,301,153,158,551,1019,392,1170,1129,4383,486,312,265,686,72,3470,1455,82,349,1500,5,1692,296,537,412,1453,268,1280,417,214,4382,186,11,1359,1067,325,540,173,4706,523,453,313,1090,205,1288,3640,388,847,462,431,257,81,77,1745,873,4714,710,1293,4047,2571,693,3314,109,429,377,1097,115,4712,528,18,4033,335,3464,4309,3668,281,208,331,780,541,506,3687,1494,159,7,676,5207,394,4386,1724,1749,1782,1222,700,3645,1491,4715,68,745,4644,4636,127,957,856,1456,1556,3831,323,4714,4711,328,1705,619,4713,3448,4716,1708,4274,3829,4710,4632,67,
British Open,2010,798,1293,455,3470,576,72,167,1494,1359,1042,3670,3668,1564,601,3702,268,1097,1088,544,158,1067,3448,4116,215,301,1412,462,1527,257,4047,865,1336,5,318,388,224,1763,392,4672,957,547,1414,3462,4587,82,712,1264,801,710,525,4284,97,78,308,676,1517,1471,4401,412,1170,619,1680,1329,630,422,1350,347,3351,488,313,1307,4382,485,66,903,1436,686,441,5527,780,1506,37,569,325,3477,892,4244,3314,693,4268,5203,4267,3788,1455,123,449,453,523,65,1173,1196,1090,3839,278,1384,4713,328,153,694,269,77,173,774,4712,186,349,847,281,1483,351,538,265,374,532,81,5285,1437,3647,868,5554,3821,5556,222,5549,703,5402,165,3832,127,243,551,809,5552,1473,159,5553,5363,808,110,115,1121,4323,100,2571,3471,5550,,
British Open,2011,982,82,308,3448,37,68,1745,3702,541,158,525,278,412,3670,676,5076,528,1097,1350,540,1614,686,449,268,847,3470,388,224,809,208,4267,78,1680,3550,780,3829,962,5868,1471,1564,3820,4712,1494,215,1257,569,77,1778,1443,4832,153,5,1480,1674,72,377,1293,774,3477,801,4382,1412,712,3674,4831,479,265,1527,576,144,1085,6042,1436,186,6046,455,1067,1763,269,693,4304,1500,957,1414,3462,1359,3641,4381,1222,301,1042,4574,1264,3832,544,65,601,97,110,1077,5095,1479,1780,6043,1055,205,2571,328,619,5140,261,1536,4015,1254,66,1179,1483,123,281,508,3647,1470,318,5440,3729,1170,529,16,6053,426,4596,257,3466,222,694,523,1049,325,4284,125,6049,5838,243,3687,3314,6047,,3668,4047,6045,115,1090,506,,6044,167,,
British Open,2012,1017,123,388,462,1222,601,301,1283,1436,224,328,619,3832,392,257,3448,66,5140,686,957,660,1293,774,856,525,412,1414,5832,4566,1042,780,3702,4989,110,710,153,3550,265,4513,1499,77,1041,1483,186,1778,3462,125,3829,455,4386,4831,199,74,1471,540,6845,1455,560,5408,37,3470,2883,,1451,208,1498,167,4015,3228,629,16,3460,2571,68,1755,1256,1699,449,864,222,4383,97,4321,1712,1522,5007,1336,5076,1457,479,847,4713,3351,1782,4993,541,1350,569,158,1097,1307,3663,6019,268,3477,4284,712,6628,115,78,1488,508,2362,548,281,1090,1763,5615,3670,4047,1502,3688,422,5,7,82,1176,676,5121,1416,1536,5797,269,694,1470,769,523,215,3668,1494,1265,3687,,278,81,318,72,308,4714,65,109,1280,1456,536,5051,6201,5828,
British Open,2013,1204,308,576,619,388,455,5860,686,462,1483,957,1222,65,269,224,4399,5408,1097,4304,257,4513,1412,82,1499,4321,158,110,78,3856,1307,265,123,4274,4587,91,1350,222,780,5338,3670,1680,3448,1451,809,712,81,2571,540,328,4033,77,5467,240,9037,186,1457,1455,856,325,1782,713,268,301,1265,523,3839,4383,1614,4317,1443,745,6177,5076,1583,8858,5409,1090,37,9036,1077,213,1329,1568,2127,281,1521,3351,1778,3668,3688,774,1336,4392,1436,446,1283,1264,526,153,601,694,5825,3519,4276,569,1042,66,4270,422,1196,9038,4456,1254,710,9028,449,392,5140,3702,4268,544,3378,1092,1651,3470,5797,,4141,115,1480,3656,1538,1588,676,570,3729,4714,6798,4244,1256,7102,4574,1207,5771,1049,127,6066,6958,9075,4591,6777,9076,5553,1037,1414,1293,3832,
British Open,2014,1329,3470,158,3702,153,3351,388,1097,1527,4587,301,5402,809,544,3448,1483,1412,537,5076,65,4513,3449,4574,3839,308,569,37,4638,1225,5285,446,82,1196,957,928,6100,1293,5467,4383,3454,4713,576,5860,3550,222,860,4276,78,1443,72,686,449,110,774,257,1367,318,1077,962,4678,710,1680,4271,1222,1612,5140,601,205,6798,462,3670,1411,3948,3827,4643,1042,2127,455,4321,4274,3455,5771,9577,269,77,619,4854,1521,1295,1758,6017,4304,713,224,780,1651,4047,3462,97,9589,4645,4270,646,540,523,213,5408,570,9590,4494,3378,978,808,6776,5579,1755,3856,1455,5539,5832,4989,4660,1350,4456,1067,1451,5704,4008,7042,4317,1090,5553,3829,123,1499,115,186,1614,127,700,3596,3729,265,3740,5409,4116,9588,6626,5852,1352,1674,5357,4831,456,281,6046,536,
British Open,2015,2253,686,1293,3351,1680,5467,4304,569,158,9402,6798,388,3454,601,3670,1129,9568,9577,5860,5619,4383,5409,560,308,4566,1457,78,5579,167,186,1651,446,5956,4989,1367,153,962,1112,3702,9589,4585,1483,576,4321,710,328,1614,265,4276,4251,1451,537,301,455,115,957,3448,6629,4645,257,3550,6701,318,110,74,123,222,10099,3462,4317,1782,5408,2127,1097,72,570,5574,4638,261,325,1436,1336,3829,97,5539,5349,1225,6041,4587,856,5402,2552,213,3856,1412,694,3461,4483,4831,5285,1222,82,4574,541,5553,9463,1178,3950,5076,809,4513,281,1067,10100,619,780,1536,928,1762,547,224,268,4712,5771,5538,10133,5025,4781,3827,774,4713,1527,9025,578,37,523,1688,4700,5862,9844,269,804,3836,10132,1797,205,1077,1090,1411,462,335,1654,127,66,10134,449,3820,
US Open,2001,25,167,56,78,305,248,15,65,278,308,392,432,462,4,158,164,204,105,115,344,348,453,441,37,66,58,114,418,280,268,271,295,232,336,82,201,186,125,459,312,198,18,307,261,219,283,417,64,75,152,445,375,374,446,272,313,225,216,84,112,456,436,469,188,153,351,345,277,144,140,123,429,127,262,239,222,331,177,302,157,210,128,98,68,29,223,234,250,363,347,342,325,358,412,245,77,156,208,5,10,422,329,343,294,265,224,38,39,91,217,166,136,135,173,212,185,41,256,269,427,399,455,395,366,321,240,249,96,108,110,146,187,195,100,229,67,11,25,189,142,231,284,364,360,192,102,30,461,383,22,447,141,,359,378,151,457,
US Open,2002,89,462,308,283,158,204,127,296,358,64,186,277,188,181,269,5,289,412,403,551,601,325,136,208,123,82,105,71,278,393,298,392,77,265,802,261,240,262,185,11,37,305,417,420,526,544,429,439,349,268,329,47,198,272,267,144,336,344,701,436,323,284,309,405,629,304,128,65,233,292,97,804,812,805,89,66,257,159,115,313,347,556,676,693,432,423,453,346,280,155,226,78,807,84,112,56,74,223,248,153,160,212,441,446,801,745,486,418,302,162,167,232,41,10,125,813,811,809,14,67,234,243,316,391,297,4,148,816,106,15,58,388,337,339,466,707,114,172,173,164,808,818,537,366,814,608,216,,630,815,810,819,789,,219,7,348,
US Open,2003,136,153,549,453,349,358,429,569,540,123,186,241,255,441,296,351,375,420,508,64,66,98,267,269,277,462,457,392,417,360,363,432,449,284,78,68,105,65,225,158,152,325,313,374,167,261,280,82,99,14,140,526,984,709,208,223,308,292,1056,58,801,,1049,512,41,191,195,91,104,81,114,11,50,136,260,804,304,327,329,337,388,393,336,328,903,188,37,47,72,1067,1066,1061,5,204,215,159,283,1046,957,995,459,443,312,394,305,436,422,243,181,111,125,1062,1060,1064,1057,1058,1052,248,289,465,310,344,372,377,335,317,774,265,120,233,12,61,1059,10,29,127,128,115,278,1051,1065,1063,1048,77,917,1045,769,298,395,67,1053,1055,391,355,1047,1050,216,
US Open,2004,170,167,308,283,289,453,152,136,5,7,105,123,181,198,81,1257,65,245,462,344,429,432,66,158,223,351,358,1176,307,392,523,712,838,186,277,77,208,455,420,822,441,549,327,1066,707,304,243,774,153,709,678,686,372,204,188,215,1068,1255,359,248,337,512,255,769,196,860,296,241,269,224,191,199,140,125,64,128,67,68,29,1049,710,619,375,377,445,436,438,417,780,1182,18,72,47,82,217,219,271,108,159,37,1254,701,395,412,391,342,347,1256,1252,1221,1247,2,11,78,1258,1259,1263,1264,1266,137,314,1251,388,551,349,1253,1090,278,234,164,127,16,56,91,201,171,176,1250,1184,540,508,343,1178,265,1260,1261,1262,1265,1216,1051,569,1248,1246,294,115,1249,142,
US Open,2005,219,67,462,158,81,197,278,305,392,358,326,125,344,1288,167,78,91,123,214,89,221,77,429,152,269,349,692,58,328,153,388,2,1411,121,225,308,261,65,289,997,198,455,453,347,68,277,1360,313,486,271,489,168,528,547,551,1019,37,272,196,223,12,,619,232,150,601,809,4,136,1419,163,7,377,1175,191,97,438,208,436,283,1208,301,21,243,1414,240,268,5,142,544,686,422,1361,396,,709,257,1090,1421,1257,1056,1417,1422,441,1013,1416,186,267,1412,1247,1204,480,109,307,11,115,337,181,280,1409,1392,1075,856,224,59,822,1341,1350,1059,105,810,1420,327,29,1222,298,1410,156,1413,1415,292,1423,262,523,643,928,525,1351,1426,502,335,1425,1018,1408,1424,537,72,
US Open,2006,269,328,153,313,308,186,489,393,412,453,392,1085,214,601,619,72,537,115,224,5,326,329,347,388,1288,215,1359,123,65,997,576,21,335,14,1178,232,59,78,181,208,157,12,89,110,1426,712,152,1646,205,1097,1067,233,1437,37,301,91,82,523,349,629,1264,245,693,198,101,7,1658,486,377,686,1215,1645,445,344,11,197,77,1419,307,81,459,1536,125,67,462,58,105,221,860,1660,529,1651,225,441,676,269,1096,363,56,1527,856,982,253,1659,1208,1019,296,68,305,29,1653,1650,257,268,526,223,196,280,150,278,391,1090,1586,528,167,1654,34,1506,158,1008,1652,431,240,1656,674,147,1500,422,1158,1649,1058,66,808,165,358,423,1204,1619,1643,1647,1655,1657,1644,709,1159,3328,4038,
US Open,2007,316,65,153,462,526,429,780,1019,441,243,569,72,7,223,957,412,16,856,81,53,1745,453,392,745,1222,489,1264,713,196,11,1768,1414,152,1175,1097,301,455,240,165,629,619,347,1085,328,709,1457,58,329,523,686,105,377,459,208,123,847,1423,68,417,125,67,144,110,808,391,114,307,173,809,676,308,217,547,1247,3316,650,432,37,269,601,1692,1042,14,215,78,689,393,64,214,1185,1782,77,466,422,1359,1756,,186,167,984,1281,1129,158,5,326,707,3282,1352,2571,576,278,804,801,2153,868,1059,335,815,529,1066,3311,3312,3317,1170,351,3314,238,135,544,388,29,1322,1426,1781,313,1090,1653,1056,2953,1265,3315,3320,3310,3313,1282,3322,121,3324,3321,476,363,1628,1502,3328,3323,962,3318,
US Open,2008,433,462,305,455,544,431,856,1422,224,630,1247,1222,1264,328,167,78,335,123,308,68,214,225,158,453,5,957,388,713,1745,59,412,762,364,441,16,3688,707,1176,186,650,269,1712,1090,327,1797,11,153,1506,1698,709,257,3448,81,693,532,1077,3670,278,7,377,1042,1086,363,429,3702,1419,392,72,215,1196,3577,2171,1658,14,336,267,199,3788,29,3449,1642,842,686,422,1067,1254,822,1778,182,551,165,1360,1499,523,569,325,3462,1170,1197,928,1372,1037,77,3792,508,2603,4,208,1173,3793,540,223,240,1175,576,780,3777,65,1019,168,459,2574,3780,313,3791,3514,21,507,337,1692,243,3785,1323,1437,3783,9072,136,3781,1352,2288,67,3778,3789,3784,3782,1180,3787,3786,526,1102,913,3790,3779,2140,66,601,619,
US Open,2009,545,676,308,115,801,3462,462,532,957,576,3470,1920,158,809,7,453,1745,167,1384,1414,619,301,780,455,412,1506,1359,1067,1749,1692,1483,78,392,1264,153,417,388,856,1090,3792,296,3448,81,3475,349,1419,551,3550,328,268,77,305,1712,1778,303,65,1477,523,3727,53,152,1471,3670,377,601,224,808,2571,1372,28,429,1935,3702,712,3833,4015,5,269,335,3445,3847,4642,4261,2,3668,1042,1222,541,159,1352,4052,4643,925,1441,1473,214,375,686,745,4645,2725,3521,1097,394,196,18,431,1400,191,47,525,466,1455,569,257,4633,4634,630,1195,1766,11,1736,68,72,1422,3791,4638,82,3777,4637,822,253,629,693,713,3449,1420,186,4661,4414,1341,1626,3825,1658,4641,984,777,912,123,67,4639,4640,3828,1247,4662,4635,1367,
US Open,2010,797,301,3477,123,308,462,257,278,1222,3670,512,3448,1359,81,523,269,1414,455,153,1097,5506,5409,158,307,65,186,1419,801,544,11,576,5,449,110,809,429,349,1758,547,4047,712,3788,4267,392,78,4590,72,3598,1352,168,222,1008,441,77,601,619,1527,412,167,676,694,4712,4268,422,673,243,1247,1170,4014,1264,152,1920,115,3314,233,1042,1530,686,21,453,434,1768,5501,4781,1477,525,268,3668,224,3462,1749,5504,328,388,215,824,4138,590,709,3351,196,1506,1293,3613,1471,159,148,173,693,3470,630,2,3550,213,957,5513,3820,1384,1294,377,305,125,1049,710,396,996,4566,1483,5285,466,5502,5902,5349,4386,144,4638,4022,3452,177,1350,1491,16,318,646,5500,706,532,7,2683,3802,1276,67,5499,5503,5030,5498,,
US Open,2011,981,3470,1680,3857,1254,455,1350,1414,158,1097,1293,1222,278,630,301,1614,712,257,540,1692,412,962,6007,1494,3550,167,3448,774,576,225,4047,3477,4267,377,710,4503,144,686,4284,5548,3670,4449,4015,676,5409,205,601,1423,769,544,186,1037,3832,3351,196,1745,308,4574,1527,3668,1090,199,1336,780,159,1564,5338,1077,567,3606,,192,5286,1178,1412,2571,957,3702,6008,6016,68,72,78,388,569,489,2454,1197,693,479,619,1042,16,2289,4587,123,1748,110,429,1483,215,1264,18,650,5498,4756,3283,74,512,153,1613,1196,6020,1279,224,809,1283,152,77,65,1674,6009,754,328,5,432,551,2574,1797,6017,694,537,4617,67,508,6022,6021,5300,1058,4927,6014,6011,4497,799,6015,,6019,1066,318,6018,6012,5518,434,5903,1530,6006,351,
US Open,2012,1013,1614,3688,301,429,186,6064,110,153,123,822,167,710,3857,455,77,412,388,1379,3670,540,1042,541,569,462,3227,5467,257,1283,278,3676,4781,1483,544,318,5506,925,6011,1097,957,158,686,3702,619,512,6007,4574,125,65,1381,6806,525,2767,1586,694,4383,4,2098,508,712,1680,5363,5832,1077,984,4276,308,4284,7,4513,335,1173,327,288,114,774,676,2571,1293,3448,4047,1225,213,1498,199,6803,3740,1443,37,780,479,208,856,1350,1254,3598,3668,769,3470,328,693,1637,1037,1778,3832,276,4015,4321,3550,1474,601,58,847,1257,1256,198,81,422,78,4890,1196,692,3662,1060,1346,67,1536,5025,724,761,1793,1920,5076,392,1494,1414,16,1025,6798,215,182,2283,4735,3467,1455,6810,452,224,6804,6800,6150,547,2730,1170,6025,1631,,
US Open,2013,1200,569,1680,308,110,123,1651,957,601,412,5860,1283,1455,3702,1097,455,710,5797,1222,5574,8974,2571,928,186,165,712,619,576,453,4671,257,6628,328,3857,1614,77,462,1451,276,780,265,856,5506,3470,243,660,4483,158,388,5821,205,72,6017,3378,1920,3448,1568,1586,5076,4643,3670,1336,897,5500,6711,1288,537,417,6064,3598,3676,544,1471,1778,199,4756,3688,255,81,1414,16,377,4574,540,1057,3599,4781,822,1077,7102,78,694,2883,1762,4335,686,1196,4015,5663,8973,1042,774,713,1658,4927,3596,429,1457,1483,6066,4016,4513,1350,3351,301,222,4383,5467,6042,3372,1066,6931,4784,8972,4244,1037,6629,3704,225,41,67,962,82,65,5349,1408,6991,329,153,327,676,809,5409,5548,5140,1295,7158,3384,5617,1184,8987,8959,4245,7087,5462,1293,1254,
US Open,2014,1325,3670,646,3702,4513,1680,6798,3448,576,388,446,1222,153,1336,569,318,257,3454,619,1067,5467,8971,412,1651,16,1583,3470,1483,9025,301,349,308,5402,1758,3449,5579,123,158,774,5860,9575,1293,9040,686,3228,4304,1614,167,1612,5408,809,9037,3550,4267,5506,78,3237,72,6999,269,5409,3793,512,860,5412,712,713,422,822,5504,5879,479,4587,601,780,1097,110,957,335,6928,9424,7083,1367,65,222,224,4831,6899,9525,1283,745,710,82,328,6066,1935,3528,4335,5423,1412,429,676,962,170,9529,9532,1646,3599,3740,1411,455,1042,4848,5862,4274,327,5573,3829,5868,21,9528,526,2127,4270,4317,417,5524,9530,5958,1500,1204,1350,1451,1673,1196,9200,660,1077,1455,9526,1733,2552,5,1389,3856,283,9531,5210,3279,7015,4590,7078,9523,9527,9521,1749,854,
US Open,2015,2249,5467,1293,3448,388,9131,4383,1097,1222,3470,4587,1680,2552,257,710,5579,2230,1712,328,158,6798,110,1676,5860,3777,1436,1651,4781,5539,4513,3452,9271,569,4276,1483,6041,576,1067,9525,1416,72,4831,5619,153,10054,9568,3857,147,1614,318,455,1613,962,10048,123,5503,4645,619,1196,120,601,446,6011,10053,4638,308,1457,6017,65,313,4827,5076,686,4671,1264,3449,3740,774,205,3228,8971,5956,694,1336,3670,6086,957,4989,1423,1008,770,780,5402,4317,5862,928,9220,167,3832,222,10052,10055,1225,301,224,5409,9597,5726,1583,4047,10046,9588,4304,712,223,809,808,5285,6954,1186,3351,1412,646,9569,9843,10044,1170,9575,10050,9844,9468,6062,3550,1451,5556,9584,10049,1612,3950,8903,3454,10058,3647,3702,3318,5744,6937,9564,10059,10045,676,462,5795,82,10047,10051,1411,
PGA,2001,35,429,308,280,240,66,10,204,153,441,432,269,115,136,336,123,453,5,84,188,105,11,289,18,486,208,159,15,325,323,436,358,395,462,526,77,142,125,91,65,278,167,485,329,349,418,559,455,627,243,74,127,112,114,272,463,392,347,372,359,443,128,78,37,245,241,305,98,412,449,298,152,212,295,405,339,458,615,607,283,261,56,58,82,100,158,248,170,265,331,374,417,363,388,268,223,296,292,375,343,424,592,489,638,619,626,342,262,198,144,30,445,611,603,544,588,4033,393,348,,224,177,186,97,151,632,636,422,600,608,631,625,487,411,332,67,263,602,594,420,377,613,620,616,593,610,635,3337,3885,3350,121,313,,,,,,
PGA,2002,50,29,462,372,152,269,305,66,392,153,158,78,5,151,84,280,869,186,208,277,11,136,630,569,393,388,67,261,167,128,432,268,346,349,308,453,115,123,260,298,212,117,105,18,289,532,374,417,449,292,278,65,121,159,81,219,223,395,28,323,418,127,114,196,191,164,391,592,920,329,707,551,560,468,615,377,358,441,77,37,82,271,265,267,304,170,181,241,243,245,68,15,445,436,375,709,912,463,459,578,325,429,89,198,190,257,240,156,10,412,422,313,337,343,638,847,856,593,556,486,424,97,259,296,272,56,913,345,336,283,204,3700,263,911,787,526,915,632,411,188,71,125,603,455,452,914,359,72,917,600,626,916,921,919,910,3885,3700,
PGA,2003,99,307,68,81,512,123,181,152,374,453,349,526,208,10,198,156,335,298,305,417,153,219,142,11,388,308,601,328,14,186,272,277,429,1090,392,336,271,223,91,66,114,5,18,418,462,445,347,65,215,289,693,866,329,292,159,84,105,204,261,125,16,241,296,423,375,619,72,61,377,77,67,82,136,140,37,15,278,158,323,441,486,549,574,592,560,540,856,865,449,177,221,280,268,240,259,167,56,97,455,436,372,791,709,523,1145,1049,1086,1088,1149,781,359,414,78,283,243,263,269,393,424,625,544,569,459,847,325,920,313,7,29,351,337,626,474,645,,1151,1152,508,627,631,245,869,912,1148,1146,484,422,151,128,917,534,603,432,600,212,115,1147,
PGA,2004,177,392,105,269,123,372,486,77,308,5,7,388,693,1049,82,128,326,11,870,164,78,374,540,429,307,64,68,271,462,601,328,224,208,142,712,414,489,363,686,619,1090,181,136,18,215,12,186,526,537,445,762,67,127,327,856,,436,375,420,335,337,15,14,240,393,441,1284,261,156,197,313,1047,931,245,158,216,305,277,329,72,114,152,690,630,551,453,455,541,508,512,417,351,359,418,523,549,569,997,1104,347,336,1325,1328,278,298,125,81,56,705,869,800,432,391,603,144,325,349,289,212,65,29,476,1256,1327,1322,301,243,10,153,1255,626,463,1326,377,1179,1038,280,241,1148,631,616,906,920,198,3700,97,1321,,115,222,1323,263,1324,3700,188,204,272,
PGA,2005,226,308,121,37,462,278,328,67,167,707,997,429,136,188,392,208,11,81,686,215,327,712,455,486,158,240,347,349,125,1185,68,326,336,78,540,441,153,243,1173,523,693,626,388,762,77,224,709,576,630,962,329,453,1350,271,1090,261,619,152,560,298,1359,1539,142,72,1414,197,1148,601,372,14,66,91,114,7,97,377,476,417,608,418,957,512,351,223,990,374,1519,1019,269,307,15,363,181,549,1552,105,318,1550,1273,1551,59,128,10,551,528,903,436,277,526,1049,537,301,296,870,931,313,603,1058,489,920,56,424,613,241,222,139,289,335,82,5,337,676,917,1555,824,198,115,268,160,422,4,1412,1553,,393,186,1364,592,283,789,29,367,1024,1554,1335,800,452,
PGA,2006,274,462,307,388,158,601,453,412,77,809,619,328,1359,105,576,198,123,429,14,308,508,5,152,144,68,78,81,847,136,459,630,544,455,153,215,167,278,528,301,296,1067,1176,10,196,569,372,676,58,243,391,529,29,344,962,349,11,1099,16,7,329,280,523,283,996,168,436,224,537,467,181,1728,326,377,65,392,1177,363,1129,476,1097,208,115,686,560,800,225,336,59,758,289,269,156,97,709,1281,125,707,67,128,1264,1013,72,91,489,15,393,503,335,710,,1519,526,268,313,358,56,856,1712,1085,997,21,277,441,865,1555,186,1185,1692,693,1455,1173,1024,1280,37,414,261,588,452,626,1471,615,1327,93,1019,432,818,347,1090,,689,903,1148,4033,911,1726,66,188,
PGA,2007,322,462,14,123,326,710,525,215,328,441,417,713,847,11,569,388,77,7,707,957,114,1222,745,167,349,1264,630,619,412,136,1414,529,455,308,59,689,78,307,97,601,72,528,526,313,208,335,429,186,82,1359,690,272,676,489,1745,240,436,544,68,1366,296,486,37,363,1500,344,1090,1041,198,476,268,3513,431,523,392,278,5,196,479,506,508,153,29,701,327,1724,16,269,393,537,865,1394,347,84,173,709,459,1024,67,422,214,1176,424,3477,453,576,541,686,224,1185,377,1350,629,65,66,205,712,105,1247,997,3516,152,364,1097,1712,1019,222,1042,809,121,532,81,3514,3383,1692,56,1145,549,329,243,3000,3479,3512,467,780,863,414,3515,3517,3518,,3251,1129,1096,305,1499,158,
PGA,2008,439,186,158,523,1264,576,136,308,1712,1086,569,629,925,745,16,72,11,301,3687,429,159,544,65,713,4033,1222,1586,540,167,153,1067,619,1359,105,173,5,431,123,328,377,121,412,453,268,67,18,710,4,856,296,459,208,1422,1414,1097,1745,81,878,269,707,1170,1419,769,526,344,66,15,417,277,694,780,528,305,1293,1256,97,547,436,91,347,1265,3942,525,686,809,29,1090,196,181,56,388,1176,903,489,1185,630,82,847,3836,467,77,78,224,335,280,12,392,7,68,1096,917,278,1120,215,532,3462,243,1617,452,1259,1539,3670,422,1726,59,3513,3943,441,808,693,255,455,1506,165,364,3383,1288,723,424,508,1335,214,253,14,3944,3829,3945,3701,1019,313,957,3941,3754,1636,1512,3940,349,
PGA,2009,551,1350,462,455,3470,676,3670,123,547,576,1422,3448,686,1483,301,186,957,392,81,619,1506,4,344,3462,5,77,523,298,7,1256,709,3668,1564,1455,417,136,532,91,14,222,224,713,429,328,349,29,601,68,318,1097,693,551,1384,1264,1745,167,4047,925,436,694,268,528,1419,196,529,65,153,173,394,377,629,269,78,308,,1359,125,3839,4787,1086,780,962,278,3283,3383,856,11,158,165,569,56,16,847,1222,745,1049,208,1712,710,121,479,205,18,1042,712,1414,49,257,1293,452,214,412,1170,1539,431,441,800,4783,335,363,313,110,240,707,2725,82,4786,15,1129,307,1366,243,1019,453,1364,28,4785,3687,476,626,1726,1077,1013,67,159,4735,1692,351,388,275,3513,279,3514,4736,1499,1067,97,
PGA,2010,799,3670,780,686,3470,110,121,3448,1264,5862,257,1680,308,72,525,312,544,1196,1097,1412,412,78,123,1042,1067,856,1471,153,4267,1041,462,712,3825,1455,962,630,1527,429,1483,388,269,693,77,957,81,392,1222,1049,307,82,3351,2571,208,1758,4284,167,278,268,318,1443,3702,1414,4382,68,3314,809,159,431,11,259,3788,1564,424,3839,713,349,4712,1293,860,547,1422,243,186,1384,1920,540,541,710,847,1567,377,676,301,774,441,1185,158,222,4304,453,224,523,7,569,279,446,3668,1350,417,1173,65,925,1276,328,601,694,1745,801,532,4587,215,1359,1060,4047,808,1506,3383,1179,1367,1617,4713,3462,476,9381,944,173,1933,351,3513,28,3944,790,576,1554,56,1552,2686,1038,1170,4213,414,5664,344,4786,313,97,619,
PGA,2011,983,4513,110,847,544,429,441,388,455,601,318,1196,3550,215,158,774,1042,1097,412,1049,962,308,257,957,710,3596,208,5,243,780,479,1037,1758,1257,3449,3832,1483,4574,693,1692,144,619,77,1060,153,4267,3829,3462,1712,4712,225,3702,709,1030,1265,525,809,801,312,49,686,4284,1254,1077,1359,1414,186,3470,224,1527,1350,476,72,278,307,377,1745,159,3670,569,1680,508,631,1179,65,712,37,16,123,328,1264,4645,3668,1564,1170,694,1222,3448,630,78,2571,3378,196,205,121,804,626,3841,1443,3825,528,540,1436,931,56,1614,5862,1293,2686,541,925,392,462,1451,1412,616,824,214,301,615,431,632,97,1370,82,1256,1552,29,676,1798,6156,1182,4382,701,329,790,3337,4047,6157,5769,9381,6158,5961,597,167,305,1067,
PGA,2012,1018,3470,1092,569,4513,619,856,3227,1451,1414,412,523,780,81,328,301,462,388,97,186,712,1293,4831,1254,707,4267,446,5140,224,110,3351,215,710,74,774,601,540,29,308,1350,1336,392,196,153,16,3550,429,2571,265,123,3448,37,167,1037,1483,1758,4015,82,77,1097,4047,4284,1455,769,745,808,3832,1457,422,5797,686,1411,4645,694,1283,847,158,1614,278,5076,2883,5,1265,4317,1436,631,508,957,479,3532,4321,544,809,1680,455,78,312,525,208,4574,4383,3378,222,931,709,3702,257,1256,3688,476,1352,608,1222,1042,1564,377,676,307,5338,917,9381,514,1257,65,925,3829,667,1024,205,962,1778,279,1798,3670,597,629,3668,1322,56,1196,329,6899,4735,5755,1049,5769,1494,2890,4033,72,5952,6900,6902,1359,441,318,536,
PGA,2013,1206,110,153,576,3856,1037,388,429,1680,686,3448,3470,301,713,3351,3740,4276,1077,412,4513,5860,3702,3688,257,1092,5771,1254,1614,774,224,4321,3729,4047,1414,3670,72,1758,569,1483,455,1367,5140,196,4304,1196,462,205,222,1422,962,1568,928,77,1457,6066,3378,809,957,4587,3449,745,1412,619,1798,5408,158,523,1222,81,392,710,6798,308,4574,3550,82,208,4831,1283,780,14,2571,4015,1352,1097,265,278,4383,446,601,213,9099,1336,29,5574,4317,5797,5409,1455,856,2127,3777,123,1499,1350,78,3317,570,860,1782,694,1651,4591,186,159,1674,7004,9022,328,5467,1411,6157,3832,781,449,1042,5076,3839,3829,9098,9100,1762,9381,1778,3857,259,3514,37,9097,486,676,476,307,540,4786,1370,1153,631,1335,667,1617,4033,414,5735,712,65,1451,
PGA,2014,1330,3470,308,576,3702,153,962,123,446,5402,957,412,213,1222,3857,1097,4276,6798,455,388,2127,1293,1680,4317,569,1451,4831,243,349,774,5140,6041,4304,3452,1042,392,5860,1499,3856,158,4713,1173,1758,601,1225,809,4587,544,301,3351,707,1770,1367,4591,328,4383,1527,3839,3596,1455,1483,619,5579,1651,1352,780,860,1067,4643,540,313,686,3454,4321,205,646,3550,1037,3670,5539,81,186,1542,5409,4989,449,278,4267,4638,3541,4483,3599,1411,1077,377,4047,1630,928,1350,4513,3449,1099,318,72,1112,3740,3291,3462,5408,9629,1614,5704,208,5076,78,1412,82,3829,5467,97,462,4270,808,3378,710,667,224,631,626,1366,222,37,307,3312,77,5797,3317,9627,29,9682,4574,302,56,9098,920,5764,396,9232,4707,6896,9628,110,5771,693,713,65,4645,
PGA,2015,2255,1680,5467,4383,569,6798,4989,5076,257,3448,5619,2230,5574,3596,5409,1222,3670,3470,5402,308,4848,780,3827,1367,1067,5553,9131,576,123,1651,1293,412,1042,3702,153,5579,72,809,392,5860,1173,1097,713,3857,455,3950,957,601,5408,1350,4276,1336,37,1037,3970,158,1077,213,4304,1614,1483,4513,5882,5704,4015,1758,208,774,3792,5771,110,4735,196,4713,1359,856,4781,4566,307,4587,4317,686,186,710,2552,3351,928,377,962,2571,808,446,4321,9025,4483,81,318,1782,1542,462,5539,1112,301,4643,707,6899,5285,328,5025,3454,547,619,1264,224,5956,4787,313,3462,631,3839,3829,388,537,9572,278,4831,4645,10179,1412,222,429,1225,2500,4638,6041,6629,29,3541,1411,97,10180,205,3375,3566,4589,82,438,3841,5562,56,10178,597,10181,9824,917,512,1451,
Masters,2001,15,462,115,308,219,66,123,153,261,432,412,224,65,105,128,15,305,329,268,392,325,283,212,336,82,382,91,186,232,269,453,445,429,223,11,56,418,374,204,348,240,262,280,241,295,188,142,5,30,37,84,158,109,342,278,281,289,114,441,449,375,377,463,74,358,320,310,313,352,265,78,167,468,443,136,16,137,127,213,151,20,88,403,431,67,323,361,364,334,94,1,73,138,319,397,54,,,,,,,,,,,,,,,,,,,,,,,,,,,,,,,,,,,,,,,,,,,,,,,,,,,,,,,,,,,,,,
Masters,2002,80,462,167,308,329,186,123,392,158,388,224,65,128,105,127,313,278,289,37,486,82,269,243,358,393,347,56,78,453,208,5,336,403,261,296,97,91,305,323,429,432,449,280,441,455,125,114,115,67,15,298,310,268,377,417,536,325,265,66,219,223,240,153,10,248,257,349,754,422,526,412,204,346,468,137,84,281,766,767,463,20,1,94,352,11,769,88,334,272,418,763,,765,768,319,397,73,54,138,,,,,,,,,,,,,,,,,,,,,,,,,,,,,,,,,,,,,,,,,,,,,,,,,,,,,,,,,,,
Masters,2003,127,453,292,308,153,283,123,392,429,441,508,325,329,167,81,77,29,65,278,265,462,801,125,128,298,358,372,388,158,208,91,82,957,417,127,374,305,296,240,349,337,5,569,423,393,707,809,709,243,403,422,289,375,186,204,121,223,268,310,449,224,11,68,219,280,313,432,463,526,468,346,281,261,269,152,181,94,67,89,212,551,137,64,277,320,20,115,851,88,334,1,352,1022,105,73,37,54,138,319,763,,765,768,,,,,,,,,,,,,,,,,,,,,,,,,,,,,,,,,,,,,,,,,,,,,,,,,,,,,,,
Masters,2004,161,308,123,77,158,261,278,358,392,105,72,91,432,167,186,208,822,181,136,78,540,549,569,462,11,307,512,436,325,441,329,243,128,125,619,269,359,265,281,375,1090,351,1222,393,372,403,346,271,277,137,5,67,94,97,82,1223,709,453,1221,523,18,29,152,283,310,320,337,429,313,292,305,127,65,241,463,449,1216,219,349,388,289,215,68,1102,508,81,198,1049,37,468,352,88,334,1,54,73,138,319,763,,765,,,,,,,,,,,,,,,,,,,,,,,,,,,,,,,,,,,,,,,,,,,,,,,,,,,,,,,,,
Masters,2005,210,462,105,167,601,335,453,197,392,215,308,537,198,268,269,551,809,82,432,68,283,261,78,243,441,327,337,37,153,136,349,224,325,77,240,388,822,619,1059,91,81,962,1090,241,11,7,489,123,181,372,403,301,186,208,142,158,152,5,65,455,712,1255,278,336,523,115,377,281,277,137,29,540,686,429,449,307,310,320,329,358,97,997,463,94,72,1387,289,1,468,586,352,88,127,73,,,,,,,,,,,,,,,,,,,,,,,,,,,,,,,,,,,,,,,,,,,,,,,,,,,,,,,,,,,,,,,,
Masters,2006,261,308,81,329,167,462,68,91,65,392,78,453,224,7,326,296,328,441,335,489,11,537,5,278,197,153,82,388,856,186,240,123,225,37,686,997,377,198,305,269,523,1173,310,601,29,58,158,94,59,313,551,693,1185,67,463,455,277,105,1090,429,327,676,215,268,576,1359,307,77,137,261,97,127,222,325,449,289,403,486,1291,66,152,1527,115,1621,468,1620,1619,352,281,88,208,,,,,,,,,,,,,,,,,,,,,,,,,,,,,,,,,,,,,,,,,,,,,,,,,,,,,,,,,,,,,,,,,,,
Masters,2007,309,686,377,167,462,243,569,186,11,429,72,601,1185,619,392,81,153,78,347,576,453,709,66,676,7,328,308,388,278,77,91,544,1350,208,441,455,459,65,198,196,335,689,629,281,240,224,537,329,865,393,403,363,856,16,29,94,215,526,326,296,468,67,105,449,325,313,1090,82,37,1781,68,123,158,59,114,152,261,523,489,412,1782,137,693,1692,173,1041,1085,5,307,352,310,1099,1694,1264,1783,1784,20,463,,,,,,,,,,,,,,,,,,,,,,,,,,,,,,,,,,,,,,,,,,,,,,,,,,,,,,,,,,,,
Masters,2008,425,215,462,78,1222,308,186,136,224,544,1712,1042,455,72,11,392,1359,576,453,167,780,269,690,686,713,1499,65,7,629,1067,388,326,619,630,1019,153,1090,1265,569,328,526,77,429,5,463,281,158,123,16,689,208,67,91,3670,601,422,403,508,325,957,489,243,377,709,1176,449,412,1264,523,307,1056,710,261,3688,1185,329,528,81,14,240,277,94,532,66,431,441,137,1724,847,3475,280,310,468,352,3687,,,,,,,,,,,,,,,,,,,,,,,,,,,,,,,,,,,,,,,,,,,,,,,,,,,,,,,,,,,,,,,
Masters,2009,537,65,68,349,240,308,1422,136,462,412,957,1359,153,1264,81,328,1090,16,301,1042,72,214,215,3470,281,569,1745,7,619,377,3462,11,310,392,3448,523,745,186,5,576,601,158,780,455,188,431,417,453,224,305,1712,91,1499,329,388,629,167,123,547,1350,544,3670,78,3834,323,4415,77,18,269,532,1506,713,463,4414,686,1222,4047,1293,261,165,325,4232,769,403,296,3668,3973,707,3687,856,3950,468,67,94,449,137,352,,,,,,,,,,,,,,,,,,,,,,,,,,,,,,,,,,,,,,,,,,,,,,,,,,,,,,,,,,,,,
Masters,2010,774,308,455,1745,462,77,91,1042,1350,957,801,619,224,243,809,429,215,1170,123,441,388,65,630,449,693,257,349,328,774,4712,110,412,1483,1097,547,1359,676,4574,167,3448,1264,136,686,544,453,68,5,158,529,310,523,710,81,4047,962,532,186,1422,261,301,325,1221,3670,601,525,318,269,5286,3668,709,3470,1527,115,159,3351,1090,1506,240,78,1293,3462,377,72,3839,392,281,94,4638,5314,576,5285,153,403,847,67,463,222,,,,,,,,,,,,,,,,,,,,,,,,,,,,,,,,,,,,,,,,,,,,,,,,,,,,,,,,,,,,,
Masters,2011,980,1097,388,1680,462,328,601,65,712,77,962,569,455,412,1527,215,1222,91,3462,3470,4047,801,1350,2571,3550,153,429,544,205,619,224,3668,308,257,5860,512,158,809,72,3702,3448,780,774,1170,4284,1564,1042,123,16,1264,676,686,1745,78,1359,81,957,1483,5,11,243,318,479,301,693,1196,1414,5904,1173,4712,1030,5903,630,856,167,1077,1293,1674,847,3477,694,186,329,325,310,377,4116,3670,403,449,508,824,1221,278,281,392,463,94,453,576,,,,,,,,,,,,,,,,,,,,,,,,,,,,,,,,,,,,,,,,,,,,,,,,,,,,,,,,,,
Masters,2012,1005,780,1293,455,257,308,1414,619,388,569,186,153,318,301,158,91,957,712,693,328,208,1222,540,1483,847,110,265,3702,4513,392,3378,508,601,65,686,1042,1359,37,774,4015,16,462,3470,576,3670,3857,1614,3462,412,6007,78,544,1097,429,441,5860,224,1527,2571,1350,215,1455,6689,710,4284,72,453,329,310,144,1778,449,261,377,1254,962,769,4047,77,6046,1265,463,479,82,81,676,525,6693,3668,3596,4804,94,403,281,325,1680,3550,,,,,,,,,,,,,,,,,,,,,,,,,,,,,,,,,,,,,,,,,,,,,,,,,,,,,,,,,,,,,
Masters,2013,1192,388,65,1680,462,3351,5140,1222,158,455,257,5797,81,429,123,3448,91,1042,576,4383,774,110,1455,712,412,3688,3470,1499,78,601,1097,540,569,153,261,3670,710,686,809,4047,265,392,159,1196,1254,3702,37,1092,77,676,1414,215,329,780,4513,281,308,1037,7165,318,6064,856,2571,1451,5076,4574,1350,310,2883,1614,301,1293,1422,523,325,453,1283,619,6711,7127,1588,5409,1077,186,1483,1221,449,7102,403,957,463,5615,94,694,,,,,,,,,,,,,,,,,,,,,,,,,,,,,,,,,,,,,,,,,,,,,,,,,,,,,,,,,,,,,,,,
Masters,2014,1317,780,3856,5467,224,3702,257,455,261,446,3470,710,860,37,78,1451,576,388,569,153,774,3449,1680,619,91,1293,4831,957,1112,1455,3550,3670,5409,412,1412,77,329,1222,1758,222,1651,392,676,1077,453,281,1042,5140,82,7015,1483,310,809,4015,601,158,3351,5402,123,308,1614,1097,9037,1196,5408,463,301,686,745,3448,5797,5860,1367,2127,7004,325,1092,65,4574,5579,4383,215,4513,3740,9409,1350,110,9402,3378,1411,9028,713,81,1414,403,449,9056,94,,,,,,,,,,,,,,,,,,,,,,,,,,,,,,,,,,,,,,,,,,,,,,,,,,,,,,,,,,,,
Masters,2015,2241,5467,308,569,3470,5860,619,72,3448,957,686,205,3702,809,774,1077,318,158,462,576,1293,5409,325,4513,5579,4317,65,123,412,4781,1614,1680,3856,1451,962,3449,4015,6798,446,4304,710,4267,388,780,4645,1097,257,455,328,4989,110,646,82,301,392,222,261,153,4587,5025,213,601,3550,1412,1411,1067,1222,4638,1651,4383,1225,1264,4831,463,186,5402,9126,281,9845,329,860,37,310,3454,224,9822,3670,9930,449,215,91,5619,9942,9588,693,9844,453,94,,,,,,,,,,,,,,,,,,,,,,,,,,,,,,,,,,,,,,,,,,,,,,,,,,,,,,,,,,,,
Masters,2016,2493,4304,455,5467,72,1067,3448,9037,547,5860,569,3470,9025,1222,1680,5771,1293,4321,3950,5882,1651,6798,1451,10046,576,774,257,65,261,1614,1037,205,446,9528,158,1077,4317,780,2552,4848,4587,10099,5402,3970,4989,5408,388,278,3839,619,3670,5579,310,4513,957,318,9131,222,5285,215,1185,308,3351,5574,1097,4483,4383,449,686,123,301,3598,10445,3702,110,392,3449,453,809,10447,5619,325,3375,281,8900,5956,82,1112,463,10446,,,,,,,,,,,,,,,,,,,,,,,,,,,,,,,,,,,,,,,,,,,,,,,,,,,,,,,,,,,,,,,,,,,,